0.005,0
0.006,0
0.007,3.79613425790847e-286
0.008,2.71118042979514e-249
0.009,1.17006330598474e-220
0.01,8.97511128731762e-198
0.011,4.54997815259426e-179
0.012,1.69695184040702e-163
0.013,2.46780747168507e-150
0.014,4.60373583332058e-139
0.015,2.63755248594951e-129
0.016,8.92972637282125e-121
0.017,2.94658832437335e-113
0.018,1.39829101448533e-106
0.019,1.29721228649265e-100
0.02,3.00742517450363e-95
0.021,2.12541278641126e-90
0.022,5.38687776418845e-86
0.023,5.59967025584454e-82
0.024,2.66977509668869e-78
0.025,6.41278326073318e-75
0.026,8.40168706513579e-72
0.027,6.4239712034538e-69
0.028,3.03754570757572e-66
0.029,9.3370752366256e-64
0.03,1.94830274854221e-61
0.031,2.8656189620785e-59
0.032,3.0704782608865e-57
0.033,2.46711659003213e-55
0.034,1.52495570892709e-53
0.035,7.4169617679537e-52
0.036,2.89614085947451e-50
0.037,9.24306497738043e-49
0.038,2.45003221042502e-47
0.039,5.47177452706459e-46
0.04,1.0430384910831e-44
0.041,1.71693485708629e-43
0.042,2.46643824910179e-42
0.043,3.12178956424975e-41
0.044,3.51179402916627e-40
0.045,3.5390348312072e-39
0.046,3.21817257909939e-38
0.047,2.65810880558944e-37
0.048,2.00634340330453e-36
0.049,1.39162270111688e-35
0.05,8.91542743965749e-35
0.051,5.30045439131395e-34
0.052,2.93712293958379e-33
0.053,1.52304941131657e-32
0.054,7.41828763196766e-32
0.055,3.40555699153243e-31
0.056,1.4782811708897e-30
0.057,6.0855802039621e-30
0.058,2.38245739955647e-29
0.059,8.89296896641867e-29
0.06,3.17257662349352e-28
0.061,1.08417036252273e-27
0.062,3.5564447443955e-27
0.063,1.12207662580766e-26
0.064,3.41128476841263e-26
0.065,1.00104588191603e-25
0.066,2.84011738827552e-25
0.067,7.80240135358876e-25
0.068,2.07851959820206e-24
0.069,5.37652378926233e-24
0.07,1.35214922435681e-23
0.071,3.31013633811603e-23
0.072,7.89693836115083e-23
0.073,1.83793195129805e-22
0.074,4.1773299033824e-22
0.075,9.28076954477645e-22
0.076,2.01734499313316e-21
0.077,4.29399748479657e-21
0.078,8.95744085831521e-21
0.079,1.83266757897638e-20
0.08,3.68028200484174e-20
0.081,7.25905876611379e-20
0.082,1.40724774807307e-19
0.083,2.68303932667429e-19
0.084,5.03398290091442e-19
0.085,9.29981342915165e-19
0.086,1.69259256361196e-18
0.087,3.03649932262861e-18
0.088,5.37221028672858e-18
0.089,9.37774808283886e-18
0.09,1.61587326332392e-17
0.091,2.74958970339629e-17
0.092,4.6223282008783e-17
0.093,7.67995289417788e-17
0.094,1.26161379078271e-16
0.095,2.04985236968865e-16
0.096,3.29532743532276e-16
0.097,5.24323889109266e-16
0.098,8.25971514360701e-16
0.099,1.28863061808587e-15
0.1,1.99167276230597e-15
0.101,3.05039987188621e-15
0.102,4.63087478226996e-15
0.103,6.9702822975548e-15
0.104,1.04046613048028e-14
0.105,1.54063857367562e-14
0.106,2.26344433913491e-14
0.107,3.30013940871929e-14
0.108,4.77619137741736e-14
0.109,6.862908491098e-14
0.11,9.79261163348562e-14
0.111,1.38783013717294e-13
0.112,1.95389925559703e-13
0.113,2.73321516055208e-13
0.114,3.79949827141894e-13
0.115,5.24966755442725e-13
0.116,7.21041558843609e-13
0.117,9.84643800934184e-13
0.118,1.33706792330651e-12
0.119,1.80570229442395e-12
0.12,2.42559321235061e-12
0.121,3.24136303362229e-12
0.122,4.3095514613754e-12
0.123,5.7014601539633e-12
0.124,7.5065933131058e-12
0.125,9.83680088043679e-12
0.126,1.28312465140747e-11
0.127,1.66623397307924e-11
0.128,2.15427905786511e-11
0.129,2.77339660381397e-11
0.13,3.55557501183612e-11
0.131,4.53981343913441e-11
0.132,5.77347925545828e-11
0.133,7.31389215799974e-11
0.134,9.2301663133817e-11
0.135,1.16053452258697e-10
0.136,1.45388675802627e-10
0.137,1.81494060747181e-10
0.138,2.25781252399825e-10
0.139,2.79924084321002e-10
0.14,3.45901085785171e-10
0.141,4.26043818433291e-10
0.142,5.23091681447454e-10
0.143,6.40253873929399e-10
0.144,7.81279254033715e-10
0.145,9.50534886611562e-10
0.146,1.1530941244576e-09
0.147,1.39483512249583e-09
0.148,1.68255073914281e-09
0.149,2.02407083438316e-09
0.15,2.42839802949799e-09
0.151,2.90585804859996e-09
0.152,3.46826581683258e-09
0.153,4.12910854395485e-09
0.154,4.90374707471414e-09
0.155,5.80963683855743e-09
0.156,6.86656978048591e-09
0.157,8.09693870185564e-09
0.158,9.52602548430213e-09
0.159,1.11823147113523e-08
0.16,1.30978342403204e-08
0.161,1.53085243114062e-08
0.162,1.78546368111745e-08
0.163,2.07811663334519e-08
0.164,2.4138314701806e-08
0.165,2.79819906338576e-08
0.166,3.23743462384243e-08
0.167,3.73843520416303e-08
0.168,4.30884122373848e-08
0.169,4.95710218508041e-08
0.17,5.69254674900218e-08
0.171,6.52545733422218e-08
0.172,7.46714940434899e-08
0.173,8.5300556019091e-08
0.174,9.72781488509511e-08
0.175,1.10753668182398e-07
0.176,1.25890511616568e-07
0.177,1.42867129004309e-07
0.178,1.61878128449982e-07
0.179,1.83135439289294e-07
0.18,2.06869533212317e-07
0.181,2.33330704617368e-07
0.182,2.62790411187405e-07
0.183,2.95542675580524e-07
0.184,3.31905549019936e-07
0.185,3.72222637456981e-07
0.186,4.16864690863399e-07
0.187,4.66231256086586e-07
0.188,5.20752393574325e-07
0.189,5.80890458143678e-07
0.19,6.4714194383291e-07
0.191,7.20039392735745e-07
0.192,8.00153367574411e-07
0.193,8.88094487622198e-07
0.194,9.84515527438089e-07
0.195,1.09011357772583e-06
0.196,1.20563226747814e-06
0.197,1.33186404641386e-06
0.198,1.4696525265626e-06
0.199,1.61989488169759e-06
0.2,1.78354430316441e-06
0.201,1.96161251050064e-06
0.202,2.15517231509025e-06
0.203,2.36536023494687e-06
0.204,2.59337915857278e-06
0.205,2.8405010556954e-06
0.206,3.10806973254132e-06
0.207,3.39750362916936e-06
0.208,3.71029865624946e-06
0.209,4.04803106854382e-06
0.21,4.41236037222074e-06
0.211,4.80503226301069e-06
0.212,5.22788159209836e-06
0.213,5.68283535653442e-06
0.214,6.17191571084612e-06
0.215,6.6972429964282e-06
0.216,7.26103878520324e-06
0.217,7.86562893395585e-06
0.218,8.5134466456666e-06
0.219,9.20703553410015e-06
0.22,9.94905268783803e-06
0.221,1.07422717298896e-05
0.222,1.1589585868965e-05
0.223,1.24940109384527e-05
0.224,1.34586884191089e-05
0.225,1.44868884414391e-05
0.226,1.55820127637357e-05
0.227,1.67475977217193e-05
0.228,1.79873171457324e-05
0.229,1.93049852414345e-05
0.23,2.07045594299606e-05
0.231,2.2190143143523e-05
0.232,2.3765988572463e-05
0.233,2.54364993597926e-05
0.234,2.72062332393049e-05
0.235,2.90799046133822e-05
0.236,3.10623870666818e-05
0.237,3.31587158119442e-05
0.238,3.537409006423e-05
0.239,3.77138753399725e-05
0.24,4.01836056773048e-05
0.241,4.27889857742112e-05
0.242,4.55358930411415e-05
0.243,4.8430379564821e-05
0.244,5.14786739800935e-05
0.245,5.4687183246738e-05
0.246,5.80624943283103e-05
0.247,6.16113757701777e-05
0.248,6.53407791740297e-05
0.249,6.92578405662738e-05
0.25,7.33698816578481e-05
0.251,7.76844109931131e-05
0.252,8.22091249856168e-05
0.253,8.69519088386588e-05
0.254,9.19208373487198e-05
0.255,9.71241755899577e-05
0.256,0.000102570379478113
0.257,0.000108268096212308
0.258,0.000114226164593369
0.259,0.000120453615217438
0.26,0.00012695967054379
0.261,0.000133753744835924
0.262,0.00014084544397511
0.263,0.000148244565145777
0.264,0.000155961096392188
0.265,0.000164005216046087
0.266,0.000172387292025059
0.267,0.000181117881001547
0.268,0.000190207727442574
0.269,0.00019966776252038
0.27,0.000209509102894303
0.271,0.000219743049364379
0.272,0.000230381085397266
0.273,0.000241434875525237
0.274,0.000252916263619084
0.275,0.000264837271035951
0.276,0.000277210094643188
0.277,0.000290047104719475
0.278,0.000303360842734557
0.279,0.000317164019009062
0.28,0.000331469510255973
0.281,0.000346290357005443
0.282,0.000361639760914744
0.283,0.000377531081965227
0.284,0.000393977835548291
0.285,0.000410993689442444
0.286,0.000428592460683605
0.287,0.000446788112330929
0.288,0.000465594750130479
0.289,0.000485026619079155
0.29,0.000505098099891389
0.291,0.000525823705371151
0.292,0.00054721807669191
0.293,0.000569295979587218
0.294,0.000592072300454691
0.295,0.000615562042376182
0.296,0.000639780321056997
0.297,0.000664742360687063
0.298,0.00069046348972699
0.299,0.000716959136622024
0.3,0.000744244825446894
0.301,0.000772336171484619
0.302,0.000801248876742354
0.303,0.000830998725407378
0.304,0.000861601579246353
0.305,0.000893073372950996
0.306,0.000925430109433317
0.307,0.000958687855073606
0.308,0.000992862734924321
0.309,0.00102797092787307
0.31,0.00106402866176788
0.311,0.00110105220850786
0.312,0.00113905787910254
0.313,0.00117806201870296
0.314,0.00121808100160765
0.315,0.00125913122624669
0.316,0.00130122911014699
0.317,0.00134439108488175
0.318,0.00138863359100731
0.319,0.00143397307299042
0.32,0.00148042597412882
0.321,0.00152800873146834
0.322,0.00157673777071927
0.323,0.00162662950117505
0.324,0.00167770031063613
0.325,0.00172996656034179
0.326,0.00178344457991287
0.327,0.00183815066230803
0.328,0.00189410105879633
0.329,0.00195131197394879
0.33,0.00200979956065164
0.331,0.00206957991514363
0.332,0.00213066907208021
0.333,0.00219308299962681
0.334,0.00225683759458386
0.335,0.00232194867754574
0.336,0.00238843198809607
0.337,0.00245630318004168
0.338,0.0025255778166873
0.339,0.00259627136615323
0.34,0.00266839919673812
0.341,0.00274197657232877
0.342,0.00281701864785906
0.343,0.00289354046481983
0.344,0.00297155694682163
0.345,0.00305108289521211
0.346,0.00313213298474986
0.347,0.00321472175933616
0.348,0.00329886362780664
0.349,0.00338457285978399
0.35,0.00347186358159352
0.351,0.00356074977224287
0.352,0.00365124525946726
0.353,0.00374336371584169
0.354,0.00383711865496112
0.355,0.00393252342769017
0.356,0.00402959121848308
0.357,0.00412833504177538
0.358,0.00422876773844803
0.359,0.00433090197236508
0.36,0.0044347502269858
0.361,0.00454032480205202
0.362,0.00464763781035159
0.363,0.00475670117455858
0.364,0.00486752662415093
0.365,0.00498012569240628
0.366,0.00509450971347636
0.367,0.00521068981954057
0.368,0.00532867693803927
0.369,0.00544848178898698
0.37,0.00557011488236608
0.371,0.0056935865156012
0.372,0.00581890677111455
0.373,0.00594608551396244
0.374,0.00607513238955316
0.375,0.00620605682144627
0.376,0.00633886800923344
0.377,0.00647357492650088
0.378,0.00661018631887318
0.379,0.00674871070213876
0.38,0.00688915636045659
0.381,0.00703153134464412
0.382,0.00717584347054628
0.383,0.00732210031748528
0.384,0.0074703092267909
0.385,0.00762047730041104
0.386,0.00777261139960224
0.387,0.00792671814369955
0.388,0.00808280390896571
0.389,0.0082408748275189
0.39,0.00840093678633867
0.391,0.00856299542634967
0.392,0.00872705614158245
0.393,0.00889312407841088
0.394,0.00906120413486562
0.395,0.00923130096002295
0.396,0.00940341895346828
0.397,0.00957756226483384
0.398,0.00975373479340964
0.399,0.00993194018782717
0.4,0.0101121818458149
0.401,0.010294462914025
0.402,0.0104787862879305
0.403,0.0106651546117918
0.404,0.0108535702786919
0.405,0.01104403543064
0.406,0.0112365519587413
0.407,0.0114311215034338
0.408,0.0116277454547898
0.409,0.0118264249528818
0.41,0.0120271608882122
0.411,0.0122299539022052
0.412,0.0124348043877603
0.413,0.0126417124898662
0.414,0.0128506781062752
0.415,0.0130617008882347
0.416,0.0132747802412783
0.417,0.0134899153260717
0.418,0.0137071050593157
0.419,0.0139263481147034
0.42,0.0141476429239304
0.421,0.014370987677759
0.422,0.0145963803271325
0.423,0.0148238185843414
0.424,0.0150532999242384
0.425,0.0152848215855021
0.426,0.015518380571948
0.427,0.0157539736538865
0.428,0.0159915973695257
0.429,0.0162312480264188
0.43,0.0164729217029547
0.431,0.0167166142498914
0.432,0.0169623212919299
0.433,0.0172100382293285
0.434,0.0174597602395569
0.435,0.0177114822789876
0.436,0.0179651990846245
0.437,0.0182209051758687
0.438,0.0184785948563173
0.439,0.0187382622155985
0.44,0.018999901131238
0.441,0.0192635052705583
0.442,0.0195290680926085
0.443,0.0197965828501247
0.444,0.0200660425915192
0.445,0.0203374401628971
0.446,0.020610768210101
0.447,0.020886019180781
0.448,0.0211631853264904
0.449,0.0214422587048051
0.45,0.0217232311814661
0.451,0.0220060944325454
0.452,0.0222908399466316
0.453,0.0225774590270374
0.454,0.0228659427940254
0.455,0.0231562821870538
0.456,0.0234484679670385
0.457,0.0237424907186329
0.458,0.0240383408525236
0.459,0.0243360086077407
0.46,0.0246354840539829
0.461,0.0249367570939556
0.462,0.0252398174657217
0.463,0.0255446547450642
0.464,0.0258512583478599
0.465,0.0261596175324625
0.466,0.0264697214020959
0.467,0.0267815589072558
0.468,0.0270951188481184
0.469,0.0274103898769574
0.47,0.027727360500566
0.471,0.0280460190826855
0.472,0.028366353846438
0.473,0.0286883528767633
0.474,0.0290120041228597
0.475,0.0293372954006272
0.476,0.0296642143951124
0.477,0.0299927486629553
0.478,0.030322885634837
0.479,0.0306546126179265
0.48,0.0309879167983281
0.481,0.0313227852435268
0.482,0.0316592049048324
0.483,0.0319971626198212
0.484,0.0323366451147743
0.485,0.0326776390071132
0.486,0.0330201308078302
0.487,0.0333641069239152
0.488,0.0337095536607771
0.489,0.0340564572246586
0.49,0.0344048037250464
0.491,0.0347545791770731
0.492,0.0351057695039129
0.493,0.0354583605391691
0.494,0.035812338029254
0.495,0.0361676876357592
0.496,0.0365243949378181
0.497,0.0368824454344579
0.498,0.0372418245469419
0.499,0.037602517621102
0.5,0.0379645099296594
0.501,0.0383277866745355
0.502,0.0386923329891499
0.503,0.0390581339407077
0.504,0.0394251745324735
0.505,0.0397934397060338
0.506,0.0401629143435455
0.507,0.0405335832699717
0.508,0.040905431255304
0.509,0.0412784430167703
0.51,0.0416526032210287
0.511,0.0420278964863472
0.512,0.042404307384768
0.513,0.0427818204442571
0.514,0.0431604201508388
0.515,0.0435400909507137
0.516,0.043920817252362
0.517,0.0443025834286303
0.518,0.0446853738188013
0.519,0.0450691727306484
0.52,0.0454539644424727
0.521,0.0458397332051231
0.522,0.0462264632439993
0.523,0.0466141387610381
0.524,0.0470027439366812
0.525,0.0473922629318261
0.526,0.0477826798897591
0.527,0.0481739789380699
0.528,0.0485661441905487
0.529,0.0489591597490643
0.53,0.0493530097054246
0.531,0.0497476781432183
0.532,0.0501431491396376
0.533,0.0505394067672826
0.534,0.0509364350959471
0.535,0.0513342181943846
0.536,0.0517327401320561
0.537,0.0521319849808588
0.538,0.0525319368168348
0.539,0.0529325797218614
0.54,0.0533338977853221
0.541,0.0537358751057575
0.542,0.0541384957924975
0.543,0.0545417439672736
0.544,0.0549456037658124
0.545,0.0553500593394084
0.546,0.0557550948564785
0.547,0.0561606945040963
0.548,0.0565668424895065
0.549,0.0569735230416204
0.55,0.0573807204124916
0.551,0.0577884188787716
0.552,0.0581966027431464
0.553,0.0586052563357532
0.554,0.0590143640155777
0.555,0.0594239101718316
0.556,0.0598338792253108
0.557,0.0602442556297338
0.558,0.0606550238730611
0.559,0.0610661684787944
0.56,0.0614776740072573
0.561,0.061889525056856
0.562,0.0623017062653207
0.563,0.0627142023109282
0.564,0.0631269979137047
0.565,0.0635400778366099
0.566,0.0639534268867017
0.567,0.0643670299162822
0.568,0.0647808718240244
0.569,0.0651949375560803
0.57,0.0656092121071699
0.571,0.0660236805216517
0.572,0.0664383278945746
0.573,0.0668531393727106
0.574,0.0672681001555704
0.575,0.0676831954963989
0.576,0.0680984107031537
0.577,0.0685137311394644
0.578,0.0689291422255752
0.579,0.0693446294392676
0.58,0.0697601783167668
0.581,0.0701757744536295
0.582,0.0705914035056141
0.583,0.0710070511895335
0.584,0.0714227032840902
0.585,0.0718383456306941
0.586,0.072253964134263
0.587,0.0726695447640064
0.588,0.0730850735541914
0.589,0.0735005366048922
0.59,0.0739159200827232
0.591,0.0743312102215547
0.592,0.0747463933232122
0.593,0.0751614557581599
0.594,0.0755763839661672
0.595,0.0759911644569592
0.596,0.0764057838108513
0.597,0.0768202286793681
0.598,0.0772344857858458
0.599,0.0776485419260196
0.6,0.0780623839685957
0.601,0.0784759988558068
0.602,0.0788893736039542
0.603,0.0793024953039327
0.604,0.0797153511217424
0.605,0.080127928298984
0.606,0.0805402141533409
0.607,0.0809521960790458
0.608,0.0813638615473327
0.609,0.0817751981068758
0.61,0.0821861933842124
0.611,0.0825968350841539
0.612,0.083007110990181
0.613,0.0834170089648266
0.614,0.083826516950044
0.615,0.0842356229675627
0.616,0.0846443151192298
0.617,0.0850525815873393
0.618,0.0854604106349474
0.619,0.0858677906061756
0.62,0.0862747099265006
0.621,0.0866811571030319
0.622,0.0870871207247769
0.623,0.0874925894628934
0.624,0.0878975520709302
0.625,0.0883019973850553
0.626,0.088705914324273
0.627,0.0891092918906282
0.628,0.0895121191693994
0.629,0.0899143853292809
0.63,0.0903160796225528
0.631,0.0907171913852401
0.632,0.0911177100372609
0.633,0.0915176250825631
0.634,0.0919169261092513
0.635,0.0923156027897021
0.636,0.0927136448806692
0.637,0.0931110422233784
0.638,0.0935077847436121
0.639,0.0939038624517834
0.64,0.094299265443001
0.641,0.0946939838971235
0.642,0.0950880080788045
0.643,0.0954813283375277
0.644,0.0958739351076331
0.645,0.0962658189083336
0.646,0.0966569703437219
0.647,0.0970473801027698
0.648,0.097437038959317
0.649,0.0978259377720519
0.65,0.0982140674844841
0.651,0.0986014191249074
0.652,0.0989879838063552
0.653,0.0993737527265477
0.654,0.0997587171678299
0.655,0.100142868497103
0.656,0.100526198165748
0.657,0.100908697709537
0.658,0.101290358748547
0.659,0.101671172987054
0.66,0.102051132213429
0.661,0.102430228300021
0.662,0.102808453203037
0.663,0.103185798962413
0.664,0.103562257701675
0.665,0.103937821627801
0.666,0.104312483031069
0.667,0.104686234284901
0.668,0.105059067845702
0.669,0.105430976252689
0.67,0.105801952127719
0.671,0.106171988175105
0.672,0.106541077181433
0.673,0.106909212015363
0.674,0.107276385627437
0.675,0.10764259104987
0.676,0.108007821396341
0.677,0.108372069861779
0.678,0.108735329722141
0.679,0.109097594334185
0.68,0.109458857135241
0.681,0.109819111642974
0.682,0.110178351455143
0.683,0.110536570249353
0.684,0.110893761782807
0.685,0.111249919892048
0.686,0.111605038492704
0.687,0.111959111579215
0.688,0.112312133224575
0.689,0.112664097580048
0.69,0.1130149988749
0.691,0.113364831416112
0.692,0.113713589588097
0.693,0.114061267852413
0.694,0.114407860747464
0.695,0.114753362888211
0.696,0.115097768965864
0.697,0.115441073747585
0.698,0.115783272076179
0.699,0.11612435886978
0.7,0.11646432912154
0.701,0.116803177899315
0.702,0.117140900345337
0.703,0.1174774916759
0.704,0.117812947181026
0.705,0.118147262224141
0.706,0.118480432241744
0.707,0.118812452743067
0.708,0.119143319309743
0.709,0.119473027595466
0.71,0.119801573325646
0.711,0.120128952297068
0.712,0.120455160377542
0.713,0.120780193505558
0.714,0.121104047689931
0.715,0.121426719009448
0.716,0.121748203612515
0.717,0.1220684977168
0.718,0.12238759760887
0.719,0.122705499643832
0.72,0.123022200244973
0.721,0.12333769590339
0.722,0.123651983177627
0.723,0.12396505869331
0.724,0.12427691914277
0.725,0.124587561284682
0.726,0.124896981943685
0.727,0.125205178010011
0.728,0.125512146439113
0.729,0.125817884251287
0.73,0.126122388531293
0.731,0.126425656427982
0.732,0.126727685153912
0.733,0.127028471984969
0.734,0.12732801425999
0.735,0.127626309380375
0.736,0.127923354809708
0.737,0.128219148073374
0.738,0.128513686758173
0.739,0.128806968511935
0.74,0.129098991043136
0.741,0.129389752120512
0.742,0.129679249572672
0.743,0.129967481287711
0.744,0.130254445212821
0.745,0.130540139353908
0.746,0.130824561775198
0.747,0.131107710598855
0.748,0.131389584004586
0.749,0.131670180229258
0.75,0.131949497566505
0.751,0.132227534366342
0.752,0.132504289034772
0.753,0.132779760033404
0.754,0.133053945879056
0.755,0.133326845143371
0.756,0.133598456452428
0.757,0.133868778486351
0.758,0.134137809978922
0.759,0.134405549717192
0.76,0.134671996541095
0.761,0.134937149343057
0.762,0.135201007067613
0.763,0.135463568711014
0.764,0.135724833320846
0.765,0.13598479999564
0.766,0.13624346788449
0.767,0.136500836186662
0.768,0.136756904151216
0.769,0.137011671076617
0.77,0.137265136310353
0.771,0.137517299248552
0.772,0.137768159335601
0.773,0.13801771606376
0.774,0.138265968972787
0.775,0.138512917649554
0.776,0.138758561727668
0.777,0.139002900887093
0.778,0.139245934853771
0.779,0.139487663399249
0.78,0.139728086340296
0.781,0.139967203538533
0.782,0.140205014900057
0.783,0.140441520375069
0.784,0.140676719957498
0.785,0.140910613684634
0.786,0.141143201636753
0.787,0.141374483936751
0.788,0.141604460749775
0.789,0.141833132282855
0.79,0.142060498784536
0.791,0.142286560544517
0.792,0.142511317893283
0.793,0.142734771201746
0.794,0.142956920880879
0.795,0.143177767381357
0.796,0.143397311193202
0.797,0.143615552845416
0.798,0.143832492905634
0.799,0.14404813197976
0.8,0.144262470711618
0.801,0.144475509782598
0.802,0.144687249911302
0.803,0.144897691853194
0.804,0.145106836400254
0.805,0.145314684380627
0.806,0.145521236658277
0.807,0.145726494132643
0.808,0.145930457738294
0.809,0.146133128444587
0.81,0.146334507255329
0.811,0.146534595208432
0.812,0.146733393375579
0.813,0.146930902861886
0.814,0.147127124805567
0.815,0.1473220603776
0.816,0.147515710781396
0.817,0.147708077252466
0.818,0.147899161058092
0.819,0.148088963497003
0.82,0.148277485899044
0.821,0.148464729624852
0.822,0.148650696065535
0.823,0.14883538664235
0.824,0.149018802806379
0.825,0.149200946038216
0.826,0.149381817847645
0.827,0.149561419773328
0.828,0.149739753382488
0.829,0.149916820270599
0.83,0.150092622061075
0.831,0.150267160404958
0.832,0.150440436980615
0.833,0.150612453493428
0.834,0.15078321167549
0.835,0.150952713285305
0.836,0.151120960107483
0.837,0.151287953952444
0.838,0.151453696656116
0.839,0.151618190079643
0.84,0.151781436109086
0.841,0.151943436655134
0.842,0.152104193652807
0.843,0.152263709061172
0.844,0.152421984863052
0.845,0.152579023064739
0.846,0.152734825695709
0.847,0.15288939480834
0.848,0.15304273247763
0.849,0.153194840800914
0.85,0.153345721897591
0.851,0.153495377908842
0.852,0.15364381099736
0.853,0.15379102334707
0.854,0.153937017162863
0.855,0.154081794670324
0.856,0.154225358115463
0.857,0.154367709764447
0.858,0.154508851903338
0.859,0.154648786837826
0.86,0.154787516892969
0.861,0.154925044412934
0.862,0.155061371760734
0.863,0.155196501317975
0.864,0.155330435484599
0.865,0.155463176678633
0.866,0.155594727335931
0.867,0.15572508990993
0.868,0.155854266871397
0.869,0.155982260708184
0.87,0.156109073924982
0.871,0.156234709043076
0.872,0.156359168600105
0.873,0.15648245514982
0.874,0.156604571261843
0.875,0.156725519521436
0.876,0.156845302529258
0.877,0.156963922901135
0.878,0.157081383267825
0.879,0.157197686274791
0.88,0.157312834581968
0.881,0.157426830863537
0.882,0.157539677807698
0.883,0.157651378116447
0.884,0.157761934505353
0.885,0.157871349703334
0.886,0.15797962645244
0.887,0.158086767507636
0.888,0.15819277563658
0.889,0.158297653619416
0.89,0.158401404248553
0.891,0.158504030328458
0.892,0.158605534675444
0.893,0.158705920117463
0.894,0.158805189493895
0.895,0.158903345655346
0.896,0.159000391463444
0.897,0.159096329790634
0.898,0.159191163519978
0.899,0.159284895544958
0.9,0.159377528769274
0.901,0.15946906610665
0.902,0.159559510480641
0.903,0.159648864824435
0.904,0.159737132080664
0.905,0.159824315201214
0.906,0.159910417147035
0.907,0.159995440887955
0.908,0.160079389402491
0.909,0.160162265677668
0.91,0.160244072708837
0.911,0.160324813499487
0.912,0.160404491061073
0.913,0.160483108412831
0.914,0.160560668581607
0.915,0.160637174601675
0.916,0.160712629514568
0.917,0.160787036368901
0.918,0.160860398220205
0.919,0.160932718130749
0.92,0.161003999169381
0.921,0.161074244411353
0.922,0.16114345693816
0.923,0.161211639837375
0.924,0.161278796202482
0.925,0.161344929132721
0.926,0.161410041732924
0.927,0.161474137113354
0.928,0.161537218389554
0.929,0.161599288682185
0.93,0.161660351116875
0.931,0.161720408824063
0.932,0.161779464938849
0.933,0.161837522600841
0.934,0.16189458495401
0.935,0.161950655146536
0.936,0.162005736330667
0.937,0.16205983166257
0.938,0.162112944302187
0.939,0.162165077413093
0.94,0.162216234162357
0.941,0.162266417720396
0.942,0.162315631260842
0.943,0.162363877960399
0.944,0.162411160998711
0.945,0.162457483558224
0.946,0.162502848824055
0.947,0.162547259983854
0.948,0.162590720227678
0.949,0.162633232747858
0.95,0.162674800738871
0.951,0.162715427397211
0.952,0.162755115921264
0.953,0.162793869511181
0.954,0.162831691368756
0.955,0.1628685846973
0.956,0.162904552701522
0.957,0.162939598587406
0.958,0.162973725562094
0.959,0.163006936833766
0.96,0.163039235611522
0.961,0.163070625105268
0.962,0.163101108525601
0.963,0.163130689083695
0.964,0.163159369991185
0.965,0.163187154460062
0.966,0.163214045702557
0.967,0.163240046931035
0.968,0.163265161357885
0.969,0.163289392195414
0.97,0.163312742655742
0.971,0.163335215950692
0.972,0.163356815291695
0.973,0.163377543889678
0.974,0.163397404954969
0.975,0.163416401697193
0.976,0.163434537325174
0.977,0.163451815046835
0.978,0.163468238069102
0.979,0.163483809597807
0.98,0.163498532837591
0.981,0.163512410991813
0.982,0.163525447262453
0.983,0.163537644850023
0.984,0.16354900695347
0.985,0.163559536770094
0.986,0.163569237495449
0.987,0.163578112323265
0.988,0.163586164445349
0.989,0.163593397051508
0.99,0.163599813329459
0.991,0.163605416464745
0.992,0.16361020964065
0.993,0.163614196038121
0.994,0.163617378835679
0.995,0.163619761209345
0.996,0.163621346332556
0.997,0.163622137376086
0.998,0.163622137507971
0.999,0.163621349893427
1,0.163619777694778
1.01,0.163561597076211
1.06,0.162207019302538
1.11,0.159350108275752
1.16,0.155328631541392
1.21,0.150436758700527
1.26,0.144923939090101
1.31,0.13899712045056
1.36,0.132824739795484
1.41,0.126541465566255
1.46,0.120253060663509
1.51,0.114041002672742
1.56,0.107966672995885
1.61,0.10207503751771
1.66,0.0963978083742092
1.71,0.0909561142267436
1.76,0.0857627255989821
1.81,0.0808238893968751
1.86,0.0761408274174854
1.91,0.0717109505165314
1.96,0.0675288350776586
2.01,0.0635870026897305
2.01,0.0635870026897305
2.06,0.0598765381832657
2.11,0.0563875757816845
2.16,0.0531096782698739
2.21,0.050032129835956
2.26,0.0471441595978265
2.31,0.0444351097429154
2.36,0.0418945596292842
2.41,0.0395124150546
2.46,0.0372789701338079
2.51,0.0351849477782181
2.56,0.0332215235862785
2.61,0.0313803369943025
2.66,0.0296534927552228
2.71,0.0280335551824324
2.76,0.0265135370867041
2.81,0.0250868849244558
2.86,0.0237474613466133
2.91,0.0224895260737415
2.96,0.0213077158124514
3.01,0.0201970237601733
3.06,0.0191527791119234
3.11,0.0181706268769581
3.16,0.0172465082297703
3.21,0.0163766415543193
3.26,0.0155575042891495
3.31,0.0147858156412662
3.36,0.0140585202059888
3.41,0.0133727725066191
3.46,0.0127259224501592
3.51,0.0121155016822693
3.56,0.0115392108152174
3.61,0.0109949074959517
3.66,0.010480595277015
3.71,0.00999441325031112
3.76,0.00953462640234066
3.81,0.00909961664912514
3.86,0.00868787450939175
3.91,0.00829799137549258
3.96,0.00792865234283228
4.01,0.00757862956015043
4.06,0.0072467760647582
4.11,0.00693202006868733
4.16,0.00663335966361785
4.21,0.00634985791436726
4.26,0.00608063831261464
4.31,0.00582488056437679
4.36,0.00558181668653255
4.41,0.00535072738939422
4.46,0.00513093872394582
4.51,0.00492181897390063
4.56,0.0047227757741753
4.61,0.0045332534387336
4.66,0.00435273048202207
4.71,0.00418071731940418
4.76,0.00401675413310286
4.81,0.00386040889118698
4.86,0.00371127550808897
4.91,0.00356897213602328
4.96,0.00343313957749211
5.01,0.00330343980982046
5.06,0.0031795546133606
5.11,0.00306118429565086
5.16,0.00294804650440913
5.21,0.00283987512278986
5.26,0.00273641924084029
5.31,0.00263744219755781
5.36,0.00254272068838112
5.41,0.00245204393334365
5.46,0.00236521290148341
5.51,0.00228203958743977
5.56,0.00220234633647752
5.61,0.00212596521446447
5.66,0.00205273741959171
5.71,0.00198251273286812
5.76,0.00191514900464439
5.81,0.00185051167462717
5.86,0.00178847332303438
5.91,0.00172891325071704
5.96,0.00167171708623474
6.01,0.00161677641802038
6.06,0.00156398844990713
6.11,0.00151325567841721
6.16,0.00146448559032878
6.21,0.00141759037914533
6.26,0.00137248667919139
6.31,0.00132909531615042
6.36,0.00128734107294574
6.41,0.00124715246994396
6.46,0.00120846155853284
6.51,0.00117120372719288
6.56,0.00113531751924376
6.61,0.00110074446150456
6.66,0.00106742890315945
6.71,0.00103531786417032
6.76,0.0010043608926229
6.81,0.000974509930435598
6.86,0.000945719186899182
6.91,0.000917945019551841
6.96,0.000891145821927867
7.01,0.00086528191774936
7.06,0.00084031546115937
7.11,0.000816210342621837
7.16,0.000792932100138612
7.21,0.000770447835457121
7.26,0.000748726134963737
7.31,0.000727736994978039
7.36,0.000707451751181724
7.41,0.00068784301193331
7.46,0.0006688845952359
7.51,0.000650551469140277
7.56,0.000632819695379607
7.61,0.000615666376045024
7.66,0.000599069603123529
7.71,0.000583008410730923
7.76,0.000567462729883051
7.81,0.000552413345658452
7.86,0.000537841856614697
7.91,0.000523730636329242
7.96,0.000510062796943622
8.01,0.000496822154597268
8.06,0.000483993196644205
8.11,0.000471561050552385
8.16,0.000459511454391514
8.21,0.00044783072882091
8.26,0.000436505750494256
8.31,0.000425523926803082
8.36,0.000414873171885487
8.41,0.000404541883830949
8.46,0.000394518923016175
8.51,0.000384793591510767
8.56,0.000375355613495036
8.61,0.000366195116635702
8.66,0.000357302614368326
8.71,0.000348668989038287
8.76,0.0003402854758549
8.81,0.000332143647615846
8.86,0.00032423540016154
8.91,0.000316552938521353
8.96,0.000309088763715749
9.01,0.000301835660180415
9.06,0.000294786683780378
9.11,0.000287935150383856
9.16,0.000281274624967313
9.21,0.000274798911224707
9.26,0.000268502041655461
9.31,0.000262378268107045
9.36,0.000256422052749388
9.41,0.000250628059459565
9.46,0.00024499114559638
9.51,0.000239506354145563
9.56,0.000234168906217315
9.61,0.000228974193878932
9.66,0.000223917773306142
9.71,0.000218995358237665
9.76,0.000214202813718306
9.81,0.000209536150116684
9.86,0.000204991517404411
9.91,0.000200565199684219
9.96,0.000196253609955194
10.01,0.000192053285103875
10.06,0.000187960881110559
10.11,0.000183973168460697
10.16,0.000180087027751783
10.21,0.000176299445486624
10.26,0.000172607510044337
10.31,0.000169008407820858
10.36,0.000165499419531165
10.41,0.000162077916665791
10.46,0.000158741358094588
10.51,0.000155487286811041
10.56,0.000152313326810776
10.61,0.00014921718009819
10.66,0.000146196623815468
10.71,0.00014324950748849
10.76,0.000140373750384436
10.81,0.00013756733897611
10.86,0.000134828324508291
10.91,0.000132154820661587
10.96,0.000129545001309532
11.01,0.000126997098364857
11.06,0.000124509399711033
11.11,0.000122080247215403
11.16,0.000119708034820379
11.21,0.000117391206709338
11.26,0.000115128255544024
11.31,0.000112917720770388
11.36,0.000110758186989977
11.41,0.000108648282394077
11.46,0.000106586677257967
11.51,0.000104572082492756
11.56,0.000102603248252396
11.61,0.000100678962593554
11.66,9.87980501861634e-05
11.71,9.69593710725423e-05
11.76,9.51618194730791e-05
11.81,9.34043226365707e-05
11.86,9.16858397333832e-05
11.91,9.00053607896889e-05
11.96,8.83619056611067e-05
12.01,8.67545230441525e-05
12.06,8.51822895239708e-05
12.11,8.36443086568894e-05
12.16,8.21397100864018e-05
12.21,8.06676486912421e-05
12.26,7.92273037642748e-05
12.31,7.781787822098e-05
12.36,7.64385978363624e-05
12.41,7.50887105091665e-05
12.46,7.3767485552328e-05
12.51,7.24742130086329e-05
12.56,7.12082029906064e-05
12.61,6.9968785043688e-05
12.66,6.87553075317942e-05
12.71,6.75671370444053e-05
12.76,6.64036578243497e-05
12.81,6.52642712154937e-05
12.86,6.41483951295771e-05
12.91,6.30554635314684e-05
12.96,6.19849259421398e-05
13.01,6.09362469586949e-05
13.06,5.99089057908063e-05
13.11,5.89023958129496e-05
13.16,5.79162241318408e-05
13.21,5.69499111685144e-05
13.26,5.60029902544957e-05
13.31,5.50750072415482e-05
13.36,5.41655201244946e-05
13.41,5.32740986766315e-05
13.46,5.2400324097276e-05
13.51,5.15437886710026e-05
13.56,5.0704095438144e-05
13.61,4.98808578761478e-05
13.66,4.90736995913974e-05
13.71,4.82822540211188e-05
13.76,4.75061641450131e-05
13.81,4.67450822062651e-05
13.86,4.59986694415936e-05
13.91,4.52665958200235e-05
13.96,4.45485397900692e-05
14.01,4.38441880350319e-05
14.06,4.31532352361267e-05
14.11,4.24753838431631e-05
14.16,4.18103438525158e-05
14.21,4.11578325921305e-05
14.26,4.05175745133211e-05
14.31,3.98893009891219e-05
14.36,3.92727501189698e-05
14.41,3.86676665394971e-05
14.46,3.80738012412255e-05
14.51,3.74909113909602e-05
14.56,3.69187601596881e-05
14.61,3.6357116555795e-05
14.66,3.58057552634184e-05
14.71,3.52644564857663e-05
14.76,3.47330057932306e-05
14.81,3.4211193976137e-05
14.86,3.36988169019748e-05
14.91,3.31956753769571e-05
14.96,3.27015750117676e-05
15.01,3.22163260913548e-05
15.06,3.17397434486401e-05
15.11,3.12716463420094e-05
15.16,3.08118583364659e-05
15.21,3.03602071883222e-05
15.26,2.9916524733317e-05
15.31,2.94806467780438e-05
15.36,2.90524129945856e-05
15.41,2.863166681825e-05
15.46,2.82182553483058e-05
15.51,2.78120292516233e-05
15.56,2.74128426691262e-05
15.61,2.70205531249642e-05
15.66,2.663502143832e-05
15.71,2.62561116377665e-05
15.76,2.5883690878093e-05
15.81,2.55176293595231e-05
15.86,2.51578002492481e-05
15.91,2.48040796052031e-05
15.96,2.44563463020157e-05
16.01,2.41144819590592e-05
16.06,2.37783708705448e-05
16.11,2.34478999375885e-05
16.16,2.31229586021931e-05
16.21,2.28034387830845e-05
16.26,2.24892348133457e-05
16.31,2.21802433797933e-05
16.36,2.18763634640431e-05
16.41,2.15774962852127e-05
16.46,2.12835452442118e-05
16.51,2.09944158695709e-05
16.56,2.07100157647632e-05
16.61,2.04302545569732e-05
16.66,2.01550438472687e-05
16.71,1.98842971621351e-05
16.76,1.96179299063291e-05
16.81,1.93558593170137e-05
16.86,1.90980044191367e-05
16.91,1.88442859820139e-05
16.96,1.85946264770833e-05
17.01,1.83489500367941e-05
17.06,1.81071824145975e-05
17.11,1.78692509460077e-05
17.16,1.76350845107002e-05
17.21,1.74046134956179e-05
17.26,1.71777697590561e-05
17.31,1.69544865956963e-05
17.36,1.67346987025627e-05
17.41,1.65183421458745e-05
17.46,1.6305354328767e-05
17.51,1.60956739598578e-05
17.56,1.58892410226333e-05
17.61,1.56859967456318e-05
17.66,1.54858835734005e-05
17.71,1.52888451382044e-05
17.76,1.50948262324664e-05
17.81,1.49037727819163e-05
17.86,1.47156318194301e-05
17.91,1.45303514595395e-05
17.96,1.43478808735926e-05
18.01,1.41681702655482e-05
18.06,1.3991170848385e-05
18.11,1.38168348211093e-05
18.16,1.36451153463443e-05
18.21,1.34759665284845e-05
18.26,1.33093433924004e-05
18.31,1.3145201862677e-05
18.36,1.29834987433727e-05
18.41,1.28241916982835e-05
18.46,1.26672392316987e-05
18.51,1.25126006696351e-05
18.56,1.23602361415358e-05
18.61,1.22101065624222e-05
18.66,1.20621736154855e-05
18.71,1.19163997351069e-05
18.76,1.17727480902942e-05
18.81,1.16311825685237e-05
18.86,1.14916677599776e-05
18.91,1.1354168942164e-05
18.96,1.12186520649112e-05
19.01,1.10850837357263e-05
19.06,1.09534312055069e-05
19.11,1.08236623545975e-05
19.16,1.06957456791823e-05
19.21,1.05696502780033e-05
19.26,1.04453458393978e-05
19.31,1.03228026286442e-05
19.36,1.02019914756103e-05
19.41,1.00828837626945e-05
19.46,9.96545141305393e-06
19.51,9.84966687910973e-06
19.56,9.73550313132482e-06
19.61,9.62293364724521e-06
19.66,9.51193240079888e-06
19.71,9.40247385184547e-06
19.76,9.29453293597017e-06
19.81,9.18808505451567e-06
19.86,9.08310606484604e-06
19.91,8.97957227083658e-06
19.96,8.8774604135839e-06
20.01,8.77674766233061e-06
20.06,8.67741160559924e-06
20.11,8.57943024252995e-06
20.16,8.48278197441701e-06
20.21,8.38744559643904e-06
20.26,8.293400289578e-06
20.31,8.20062561272234e-06
20.36,8.10910149494963e-06
20.41,8.01880822798423e-06
20.46,7.92972645882556e-06
20.51,7.84183718254282e-06
20.56,7.75512173523197e-06
20.61,7.66956178713094e-06
20.66,7.58513933588929e-06
20.71,7.5018366999883e-06
20.76,7.41963651230802e-06
20.81,7.3385217138375e-06
20.86,7.25847554752473e-06
20.91,7.17948155226307e-06
20.96,7.10152355701048e-06
21.01,7.02458567503868e-06
21.06,6.94865229830888e-06
21.11,6.87370809197108e-06
21.16,6.79973798898394e-06
21.21,6.72672718485235e-06
21.26,6.65466113247984e-06
21.31,6.58352553713307e-06
21.36,6.51330635151574e-06
21.41,6.44398977094928e-06
21.46,6.37556222865783e-06
21.51,6.30801039115496e-06
21.56,6.24132115372977e-06
21.61,6.17548163602996e-06
21.66,6.11047917773965e-06
21.71,6.0463013343497e-06
21.76,5.9829358730183e-06
21.81,5.92037076851973e-06
21.86,5.85859419927933e-06
21.91,5.79759454349248e-06
21.96,5.73736037532581e-06
22.01,5.67788046119861e-06
22.06,5.6191437561426e-06
22.11,5.56113940023829e-06
22.16,5.50385671512616e-06
22.21,5.4472852005908e-06
22.26,5.39141453121655e-06
22.31,5.33623455311284e-06
22.36,5.28173528070761e-06
22.41,5.22790689360742e-06
22.46,5.17473973352259e-06
22.51,5.12222430125586e-06
22.56,5.07035125375328e-06
22.61,5.0191114012158e-06
22.66,4.96849570427015e-06
22.71,4.91849527119785e-06
22.76,4.86910135522082e-06
22.81,4.82030535184249e-06
22.86,4.77209879624303e-06
22.91,4.72447336072765e-06
22.96,4.67742085222658e-06
23.01,4.63093320984573e-06
23.06,4.58500250246689e-06
23.11,4.53962092639628e-06
23.16,4.49478080306045e-06
23.21,4.45047457674844e-06
23.26,4.4066948123993e-06
23.31,4.36343419343373e-06
23.36,4.32068551962911e-06
23.41,4.27844170503686e-06
23.46,4.23669577594118e-06
23.51,4.1954408688583e-06
23.56,4.15467022857543e-06
23.61,4.11437720622831e-06
23.66,4.0745552574169e-06
23.71,4.03519794035795e-06
23.76,3.99629891407401e-06
23.81,3.95785193661789e-06
23.86,3.91985086333188e-06
23.91,3.88228964514096e-06
23.96,3.84516232687926e-06
24.01,3.80846304564915e-06
24.06,3.77218602921205e-06
24.11,3.73632559441059e-06
24.16,3.70087614562111e-06
24.21,3.66583217323617e-06
24.26,3.63118825217619e-06
24.31,3.59693904042979e-06
24.36,3.56307927762203e-06
24.41,3.52960378361016e-06
24.46,3.49650745710617e-06
24.51,3.46378527432563e-06
24.56,3.43143228766222e-06
24.61,3.39944362438749e-06
24.66,3.36781448537527e-06
24.71,3.33654014385018e-06
24.76,3.30561594415985e-06
24.81,3.27503730057023e-06
24.86,3.24479969608365e-06
24.91,3.21489868127898e-06
24.96,3.18532987317361e-06
25.01,3.15608895410671e-06
25.06,3.12717167064334e-06
25.11,3.09857383249897e-06
25.16,3.07029131148405e-06
25.21,3.04232004046816e-06
25.26,3.01465601236336e-06
25.31,2.98729527912633e-06
25.36,2.96023395077899e-06
25.41,2.93346819444713e-06
25.46,2.90699423341673e-06
25.51,2.88080834620762e-06
25.56,2.85490686566412e-06
25.61,2.82928617806229e-06
25.66,2.80394272223353e-06
25.71,2.77887298870413e-06
25.76,2.75407351885044e-06
25.81,2.72954090406946e-06
25.86,2.70527178496437e-06
25.91,2.68126285054487e-06
25.96,2.65751083744196e-06
26.01,2.63401252913679e-06
26.06,2.61076475520351e-06
26.11,2.58776439056562e-06
26.16,2.56500835476568e-06
26.21,2.54249361124813e-06
26.26,2.52021716665487e-06
26.31,2.49817607013341e-06
26.36,2.47636741265735e-06
26.41,2.45478832635893e-06
26.46,2.4334359838734e-06
26.51,2.41230759769499e-06
26.56,2.39140041954432e-06
26.61,2.37071173974689e-06
26.66,2.35023888662256e-06
26.71,2.32997922588574e-06
26.76,2.30993016005611e-06
26.81,2.29008912787967e-06
26.86,2.2704536037599e-06
26.91,2.25102109719883e-06
26.96,2.23178915224791e-06
27.01,2.21275534696831e-06
27.06,2.19391729290074e-06
27.11,2.17527263454431e-06
27.16,2.15681904884454e-06
27.21,2.13855424469007e-06
27.26,2.12047596241819e-06
27.31,2.10258197332875e-06
27.36,2.0848700792065e-06
27.41,2.06733811185159e-06
27.46,2.04998393261812e-06
27.51,2.03280543196055e-06
27.56,2.01580052898788e-06
27.61,1.9989671710254e-06
27.66,1.98230333318388e-06
27.71,1.96580701793609e-06
27.76,1.9494762547005e-06
27.81,1.93330909943199e-06
27.86,1.91730363421952e-06
27.91,1.90145796689047e-06
27.96,1.88577023062182e-06
28.01,1.87023858355765e-06
28.06,1.85486120843324e-06
28.11,1.83963631220532e-06
28.16,1.82456212568859e-06
28.21,1.80963690319823e-06
28.26,1.79485892219847e-06
28.31,1.78022648295685e-06
28.36,1.76573790820437e-06
28.41,1.75139154280118e-06
28.46,1.7371857534078e-06
28.51,1.72311892816184e-06
28.56,1.70918947635995e-06
28.61,1.69539582814508e-06
28.66,1.68173643419888e-06
28.71,1.66820976543906e-06
28.76,1.6548143127218e-06
28.81,1.641548586549e-06
28.86,1.62841111678026e-06
28.91,1.61540045234964e-06
28.96,1.60251516098691e-06
29.01,1.58975382894348e-06
29.06,1.5771150607226e-06
29.11,1.56459747881408e-06
29.16,1.55219972343321e-06
29.21,1.53992045226388e-06
29.26,1.52775834020593e-06
29.31,1.51571207912648e-06
29.36,1.50378037761524e-06
29.41,1.49196196074385e-06
29.46,1.48025556982892e-06
29.51,1.468659962199e-06
29.56,1.45717391096514e-06
29.61,1.44579620479524e-06
29.66,1.43452564769182e-06
29.71,1.4233610587735e-06
29.76,1.41230127205979e-06
29.81,1.40134513625937e-06
29.86,1.39049151456168e-06
29.91,1.37973928443183e-06
29.96,1.3690873374087e-06
30.01,1.35853457890621e-06
30.06,1.3480799280178e-06
30.11,1.33772231732382e-06
30.16,1.32746069270206e-06
30.21,1.31729401314121e-06
30.26,1.30722125055718e-06
30.31,1.29724138961235e-06
30.36,1.28735342753755e-06
30.41,1.27755637395691e-06
30.46,1.26784925071532e-06
30.51,1.2582310917086e-06
30.56,1.24870094271632e-06
30.61,1.23925786123718e-06
30.66,1.22990091632689e-06
30.71,1.22062918843858e-06
30.76,1.21144176926567e-06
30.81,1.20233776158712e-06
30.86,1.19331627911506e-06
30.91,1.18437644634475e-06
30.96,1.17551739840682e-06
31.01,1.16673828092177e-06
31.06,1.15803824985669e-06
31.11,1.14941647138413e-06
31.16,1.14087212174313e-06
31.21,1.13240438710236e-06
31.26,1.1240124634253e-06
31.31,1.11569555633751e-06
31.36,1.1074528809958e-06
31.41,1.09928366195949e-06
31.46,1.09118713306352e-06
31.51,1.0831625372935e-06
31.56,1.07520912666259e-06
31.61,1.06732616209029e-06
31.66,1.05951291328299e-06
31.71,1.05176865861629e-06
31.76,1.04409268501913e-06
31.81,1.03648428785957e-06
31.86,1.02894277083232e-06
31.91,1.02146744584793e-06
31.96,1.01405763292359e-06
32.01,1.00671266007554e-06
32.06,9.99431863213151e-07
32.11,9.92214586034437e-07
32.16,9.85060179923209e-07
32.21,9.77968003847686e-07
32.26,9.70937424260611e-07
32.31,9.63967815000826e-07
32.36,9.57058557196285e-07
32.41,9.50209039168482e-07
32.46,9.43418656338277e-07
32.51,9.36686811133084e-07
32.56,9.30012912895422e-07
32.61,9.23396377792775e-07
32.66,9.16836628728773e-07
32.71,9.10333095255654e-07
32.76,9.03885213487984e-07
32.81,8.97492426017634e-07
32.86,8.91154181829969e-07
32.91,8.84869936221255e-07
32.96,8.78639150717239e-07
33.01,8.72461292992912e-07
33.06,8.66335836793405e-07
33.11,8.6026226185603e-07
33.16,8.54240053833427e-07
33.21,8.48268704217807e-07
33.26,8.42347710266277e-07
33.31,8.36476574927223e-07
33.36,8.30654806767743e-07
33.41,8.24881919902102e-07
33.46,8.19157433921206e-07
33.51,8.13480873823071e-07
33.56,8.07851769944272e-07
33.61,8.02269657892359e-07
33.66,7.96734078479225e-07
33.71,7.91244577655413e-07
33.76,7.85800706445337e-07
33.81,7.8040202088342e-07
33.86,7.75048081951121e-07
33.91,7.69738455514841e-07
33.96,7.644727122647e-07
34.01,7.59250427654164e-07
34.06,7.54071181840513e-07
34.11,7.48934559626133e-07
34.16,7.4384015040063e-07
34.21,7.3878754808374e-07
34.26,7.3377635106903e-07
34.31,7.28806162168379e-07
34.36,7.23876588557222e-07
34.41,7.18987241720555e-07
34.46,7.14137737399671e-07
34.51,7.09327695539641e-07
34.56,7.04556740237507e-07
34.61,6.99824499691189e-07
34.66,6.95130606149088e-07
34.71,6.90474695860383e-07
34.76,6.85856409025996e-07
34.81,6.8127538975024e-07
34.86,6.7673128599311e-07
34.91,6.72223749523233e-07
34.96,6.67752435871448e-07
35.01,6.63317004285026e-07
35.06,6.58917117682497e-07
35.11,6.54552442609096e-07
35.16,6.50222649192807e-07
35.21,6.45927411101001e-07
35.26,6.41666405497657e-07
35.31,6.37439313001153e-07
35.36,6.33245817642634e-07
35.41,6.2908560682493e-07
35.46,6.24958371282024e-07
35.51,6.20863805039065e-07
35.56,6.16801605372914e-07
35.61,6.12771472773214e-07
35.66,6.08773110903982e-07
35.71,6.04806226565705e-07
35.76,6.00870529657947e-07
35.81,5.96965733142447e-07
35.86,5.93091553006707e-07
35.91,5.89247708228061e-07
35.96,5.85433920738218e-07
36.01,5.81649915388272e-07
36.06,5.77895419914179e-07
36.11,5.74170164902677e-07
36.16,5.70473883757664e-07
36.21,5.66806312667009e-07
36.26,5.63167190569806e-07
36.31,5.59556259124046e-07
36.36,5.55973262674723e-07
36.41,5.52417948222344e-07
36.46,5.48890065391861e-07
36.51,5.45389366401998e-07
36.56,5.41915606034984e-07
36.61,5.38468541606669e-07
36.66,5.35047932937041e-07
36.71,5.31653542321109e-07
36.76,5.2828513450018e-07
36.81,5.24942476633486e-07
36.86,5.21625338270198e-07
36.91,5.18333491321784e-07
36.96,5.15066710034731e-07
37.01,5.11824770963616e-07
37.06,5.08607452944519e-07
37.11,5.05414537068782e-07
37.16,5.02245806657096e-07
37.21,4.99101047233929e-07
37.26,4.95980046502272e-07
37.31,4.92882594318709e-07
37.36,4.89808482668808e-07
37.41,4.86757505642819e-07
37.46,4.83729459411682e-07
37.51,4.80724142203346e-07
37.56,4.77741354279375e-07
37.61,4.7478089791186e-07
37.66,4.71842577360623e-07
37.71,4.68926198850697e-07
37.76,4.66031570550105e-07
37.81,4.63158502547905e-07
37.86,4.60306806832522e-07
37.91,4.57476297270342e-07
37.96,4.54666789584582e-07
38.01,4.5187810133442e-07
38.06,4.49110051894388e-07
38.11,4.4636246243402e-07
38.16,4.43635155897757e-07
38.21,4.40927956985097e-07
38.26,4.38240692131e-07
38.31,4.35573189486526e-07
38.36,4.32925278899723e-07
38.41,4.30296791896745e-07
38.46,4.27687561663208e-07
38.51,4.25097423025771e-07
38.56,4.22526212433951e-07
38.61,4.19973767942159e-07
38.66,4.17439929191952e-07
38.71,4.14924537394516e-07
38.76,4.12427435313349e-07
38.81,4.09948467247168e-07
38.86,4.07487479013019e-07
38.91,4.05044317929599e-07
38.96,4.02618832800773e-07
39.01,4.00210873899301e-07
39.06,3.97820292950762e-07
39.11,3.95446943117664e-07
39.16,3.93090678983765e-07
39.21,3.90751356538567e-07
39.26,3.88428833162006e-07
39.31,3.86122967609329e-07
39.36,3.83833619996151e-07
39.41,3.81560651783691e-07
39.46,3.79303925764194e-07
39.51,3.77063306046514e-07
39.56,3.74838658041888e-07
39.61,3.7262984844987e-07
39.66,3.70436745244433e-07
39.71,3.68259217660248e-07
39.76,3.66097136179114e-07
39.81,3.63950372516563e-07
39.86,3.61818799608613e-07
39.91,3.59702291598691e-07
39.96,3.57600723824704e-07
